model,mae,rmse,mape
lstm,0.19505274115550902,0.3630351371425447,56.49338171719271
persistence,0.23063083422194694,0.41861425427267934,139.7714474727023
mlp,0.253799284778295,0.4424378542928652,64.61344928845678
